metric,coins0,coins1
Total Data Points,363,361
Average Price,104661.735163,104727.384149
Min Price,75991.755618,75927.583210
Max Price,121202.989386,122189.665914
Std Dev Price,10590.684676,10581.640413
Volatility (%),209.5603%,202.1777%
Max Drawdown (%),11.0558%,10.6710%
